1,Nerti,5iqBEVAP,nbaudoux0@statcounter.com
2,Hubey,1sx6hj8bW6BW,hpunch1@reference.com
3,Shermy,24mdUyD,sphilippet2@upenn.edu
4,Butch,rWzvqk8PX,btonbridge3@ovh.net
5,Bianka,8NKPtv,bpennetti4@technorati.com
6,Liana,NBNqA2,lbunch5@google.pl
7,Gratia,NUi2sbdXrw,golenchenko6@hud.gov
8,Lyn,iKjcmC,ltirte7@arstechnica.com
9,Hilarius,dBf6Ex7QtHb,hrubi8@google.cn
10,Laverne,173sPo2u,lwink9@wufoo.com
11,Shanie,rH2KPy,sparksa@delicious.com
12,Sandro,WyX3Eb5,sswindellb@scientificamerican.com
13,Ebba,rNGDbmkuJ2Ur,emitchellc@mayoclinic.com
14,Ettore,FAne7Hyo,egibbsd@pinterest.com
15,Shay,Z20dqFxHgt,slamperte@scientificamerican.com
16,Woodman,JQ8RNX,whirsthousef@bravesites.com
17,Benedict,mm9GYIaf,bulyatg@bloglovin.com
18,Risa,xBmr4JqNx,rhowlingsh@instagram.com
19,Stacy,A4aZ0b,swillishirei@ox.ac.uk
20,Gay,AxQrpS,gwoodhamj@intel.com
21,Sherwynd,UiiiiBNAN5Y,snairnk@msu.edu
22,Florella,Pbj4RcpyP,frojal@cornell.edu
23,Rebekkah,zC0kDcq,rpaffm@free.fr
24,Chrotoem,DeXkq21I,cbwyn@reddit.com
25,Kellen,WX26Wri,kschuttero@geocities.com
26,Salmon,ogoy8tI5gpPB,sfawlksp@buzzfeed.com
27,Mandy,CMDHuqz,marborq@ask.com
28,Maryjo,H0DhbnTEL,mbentzr@baidu.com
29,Consuelo,yjOod2TPAw,cenriques@surveymonkey.com
30,Martin,5ikV72Ox,mdanilint@intel.com
31,Ritchie,PEJ1C3F8,racasteru@xing.com
32,Urbain,ZL43hZix,ujouannyv@ovh.net
33,Harlin,kBaPHPN2R,hkeaseyw@tiny.cc
34,Emmet,LoWvRUS,eedgcombex@comsenz.com
35,Reube,FV4JRQOxHLoy,rcreffieldy@gov.uk
36,Stafford,hVhQxCQcZ15L,sweatherhoggz@ehow.com
37,Branden,mhtKxEp7FpSx,bkuhlen10@yahoo.co.jp
38,Christiana,vD1JpH,clavelle11@senate.gov
39,Diane,zwGvEriQNFn,dhindmoor12@xinhuanet.com
40,Neda,IambMsO9,nbohlsen13@amazon.com
41,Elsbeth,XWtHnFdz,ecutmere14@ted.com
42,Whitney,YdadOi,wroumier15@wikispaces.com
43,Clem,UOjVPlW,ckilfeder16@dyndns.org
44,Kelli,xSxxSwDSaN,kbrusle17@hatena.ne.jp
45,Cookie,Qp2tRTZkJt,clough18@about.me
46,Hersch,osOpZNM4wNn,hwraxall19@is.gd
47,Mil,N8JuuU,mrenwick1a@cloudflare.com
48,Boote,BrvUT8TZGv,bofinan1b@printfriendly.com
49,Reg,Kbbswqr,rdowdell1c@zdnet.com
50,Jerry,M5u89W,jheld1d@ca.gov
51,Malinda,DJfOiaNA6Z,mcollough1e@networksolutions.com
52,Viki,8fXyFkAz,vthirtle1f@skyrock.com
53,Cherice,ZMYnmmLcaQ,ckainz1g@flickr.com
54,Curcio,Km1iumvm0thV,ciacopetti1h@jalbum.net
55,Leann,1Qp6KI7O3,lspadeck1i@google.co.uk
56,Sydel,y95ZuIo,sollier1j@themeforest.net
57,Marco,81ws9D,mrogans1k@typepad.com
58,Wilmette,9JIjqgEw9,wchomley1l@un.org
59,Antonetta,MqV1O1ebPx4,aforty1m@discovery.com
60,Naomi,mrnl8mblQ,nschollick1n@ow.ly
61,Flory,9at4MZ3,fcrawford1o@ask.com
62,Doralin,hHrSks8VoK,drackley1p@de.vu
63,Loren,mC9nUISlDaJR,ltregunna1q@ucoz.com
64,Juliann,lj7fLDJYw9S,jszymanowicz1r@netscape.com
65,Cecily,hvEABnyN1aj,cduesberry1s@jalbum.net
66,Terri-jo,eyOS5Jv,tthibodeaux1t@washingtonpost.com
67,Tamra,6hrBVMzg,tdmitrievski1u@a8.net
68,Jody,sEeFtWc9au,jdossett1v@unesco.org
69,Wallace,JAEJ5OB9xp,wpetrus1w@flavors.me
70,Sosanna,rsdIwqUHKYss,sdaye1x@howstuffworks.com
71,Deerdre,IKoFOE,dkelly1y@hud.gov
72,Bette,pWOuJZ,bhartle1z@t.co
73,Isaiah,1K7hZO,iattwooll20@ucoz.ru
74,Kaye,mH1756bkYC,kledgister21@europa.eu
75,Pauli,RYmr8R,pwalkey22@cdc.gov
76,Horace,gUmy8A04H,hsalamon23@freewebs.com
77,Josi,DNg7Uem2KarJ,jmateuszczyk24@toplist.cz
78,Pauletta,aEuG8XNElSK,pcreane25@blinklist.com
79,Deedee,wOnDx0Ir0c,dtrusler26@gizmodo.com
80,Jacquenetta,s3KQKpY1be,jfeehery27@typepad.com
81,Ania,zubl0off,ahainning28@studiopress.com
82,Constancy,uJIkmQ,cpesek29@discuz.net
83,Toddy,6Nkpvfae,ttrehearne2a@nifty.com
84,Brandi,49U7z1,bbartell2b@umich.edu
85,Zedekiah,hHW3CSGHt,zziemen2c@360.cn
86,Hadley,oSIRk7,hsquire2d@facebook.com
87,Bradan,vRjWTQ,bcometti2e@jiathis.com
88,Kacie,byUXAzaMR9Ce,kromke2f@wordpress.com
89,Fenelia,spQUgbT2B,fphizaclea2g@tripod.com
90,Tate,Xb6zm6RHo0,ttibbetts2h@gov.uk
91,Zach,yJPQqTPchj,zcullabine2i@businesswire.com
92,Nedda,AdRLjVtJ,nrobert2j@free.fr
93,Marcile,CChlV0V9,mmallord2k@reddit.com
94,Tessa,0exsbKd,tbradbrook2l@barnesandnoble.com
95,Beckie,64LaImOuNE,bburfoot2m@archive.org
96,Chic,RgHk4HUfW,cumfrey2n@narod.ru
97,Gleda,7tJTelgv8,gallwright2o@istockphoto.com
98,Halsey,UpOTrD6c,hflintoff2p@google.nl
99,Brigg,NVRvcjqWg,bgobel2q@prweb.com
100,Merry,drhSDhuPA,mbozier2r@booking.com
101,Kellina,WBWnMvmh8MJl,koakenford2s@nhs.uk
102,Falkner,1JlvmCrgpc,fseward2t@sciencedirect.com
103,Kirbee,tFcvju8u1sU,kcollough2u@ucsd.edu
104,Orton,5GvOYXkT3U,othalmann2v@wikipedia.org
105,Esdras,Z7fhP9deve,ehaythorne2w@google.fr
106,Odetta,cpwKYkv2NI,okenefick2x@scientificamerican.com
107,Sissy,mhojeod,smerriton2y@github.io
108,Bent,oZYACQuWKSqf,bleithgoe2z@sun.com
109,Job,mFlt74c,jduckinfield30@indiatimes.com
110,Dinny,GsHnjngV1,dgheorghie31@netlog.com
111,Anneliese,pScYAQ,adomsalla32@163.com
112,Natalie,uKpjy2OgX,nkemery33@java.com
113,Sheena,SQShrokHwpQx,sluckings34@123-reg.co.uk
114,Adaline,kSwKkc4rxH,amathison35@mapquest.com
115,Hagen,HwSlssF27r,hbedham36@goodreads.com
116,Carlene,52Eeb8exPYy,cduffy37@mac.com
117,Allister,iBKlrq9cDFnJ,afinnie38@whitehouse.gov
118,Lowe,Vyymw7eJwc,ldovermann39@intel.com
119,Uri,BFloRrqTG,utorel3a@friendfeed.com
120,Kendrick,yKmsHkKZI7yG,khurring3b@a8.net
121,Chevalier,tapSULh0UgX9,cchrystie3c@parallels.com
122,Alida,1FGMx0px9JSu,aformby3d@yellowpages.com
123,Enrique,PdgeiWNT1Gm,esynan3e@mashable.com
124,Cathie,M7LiQWJJ,csiddle3f@umich.edu
125,Trever,hufgmwQO4v,tmoorrud3g@ucoz.com
126,Muffin,SPlykeHmC,mbotfield3h@facebook.com
127,Ky,tmMRQkCBC,knockells3i@geocities.com
128,Barbette,Pr5hOyqWH,blayborn3j@businesswire.com
129,Dian,aNuZFw0,dhamill3k@huffingtonpost.com
130,Alric,gYiiqP,agrutchfield3l@nps.gov
131,Pepito,b6oujMp2ng,pblackader3m@slate.com
132,Chance,gM2Xhe,clynds3n@amazonaws.com
133,Cloe,9U9k8quyHz,cstivey3o@webeden.co.uk
134,Annnora,HxTf5sp,aspare3p@mashable.com
135,Stavro,ryNM2OdyXCQK,sblazy3q@uol.com.br
136,Emmye,hk5xNefe,ebarks3r@cyberchimps.com
137,Margaux,8fhKqSKvd1Td,mgreenhalf3s@vinaora.com
138,Stevena,qZ37aoo,sayling3t@i2i.jp
139,Michaeline,hlJHcsgGW,mgurge3u@china.com.cn
140,Cordelie,9PlM8qlZFA,cclopton3v@thetimes.co.uk
141,Alberta,0NZaleH,ahannaby3w@hud.gov
142,Mitchel,gOI7Ud5BR9,mglazer3x@yahoo.co.jp
143,Henrietta,WK379cTXa,hpetrello3y@odnoklassniki.ru
144,Terrence,50NTbizy,tmathy3z@1und1.de
145,George,Csssr4vs,gclaworth40@comcast.net
146,Robenia,fHFFCPvDYV,rbenkin41@feedburner.com
147,Beauregard,BzvO52,bsmolan42@clickbank.net
148,Granville,qcPmtP7Z9,garsey43@about.me
149,Xylia,3yMzYe,xbullocke44@deliciousdays.com
150,Kelsey,tn4byx9Xe,kgalland45@dell.com
151,Theresita,cZnP7GnAai,tarnaudet46@hhs.gov
152,Shawnee,JI7v3wlhRaR,screeber47@t-online.de
153,Sherrie,AKBwwVUVo4jO,sleavesley48@goo.ne.jp
154,Jenny,8OSEdV5EDo,jmackstead49@weibo.com
155,Venita,KLeKY2M7YU,vinchboard4a@devhub.com
156,Pearle,FTplSk,psole4b@si.edu
157,Nichole,JFzboI,nhursey4c@businessinsider.com
158,Ardisj,4JM2EBwDdNd,acaudrey4d@abc.net.au
159,Shantee,EcNd5B2,sgottelier4e@bluehost.com
160,Neel,63h2Dmk5MXLQ,njobke4f@slate.com
161,Duncan,0lPJbl7wdT,dforth4g@cargocollective.com
162,Catha,A3DOijfkwg,cgallaher4h@joomla.org
163,Joe,ZqRmWnm,jroobottom4i@aboutads.info
164,Maryl,LxegxkLTgit2,myewen4j@squidoo.com
165,Marcus,PBpGeq,mreiners4k@livejournal.com
166,Roz,AafkG36X,rcarrivick4l@springer.com
167,Abbie,0BK3609Rvc,ashortcliffe4m@tinypic.com
168,Montgomery,aHy7JHaTHnU,mdowling4n@toplist.cz
169,Inigo,Sin4USNA,igryglewski4o@goo.gl
170,Francis,uhsYIo,fcoath4p@about.me
171,Lorita,5wEVvL,lstoop4q@blogs.com
172,Jillayne,o7sCBLUjYml,jomalley4r@reference.com
173,Marcelia,Is08hxpT9Q,mkennelly4s@pbs.org
174,Wendye,Wsqcv8d4ZeUd,wfilde4t@hibu.com
175,Birgitta,RqTIM2y,bnorvill4u@bizjournals.com
176,Tedd,HLh5yWnIZkm,tolley4v@nih.gov
177,Dorian,x3OTyUlrt,dthunnerclef4w@theatlantic.com
178,Powell,6NwNj0V,prippingall4x@topsy.com
179,Brinna,rHJyFCE0Z,bstrongman4y@nps.gov
180,Pauletta,g5SF6qZEsHEp,psoars4z@photobucket.com
181,Randolf,NJYp3j,rleishman50@yolasite.com
182,Zerk,XYRvGZY,zhoult51@senate.gov
183,Dulsea,SoP15k,dglaysher52@4shared.com
184,Ricardo,bo3OOffSzd,rheisler53@dedecms.com
185,Lothario,HJXqGNc6MQ9,lleynham54@lulu.com
186,Gray,N5qQCx4wT7,gletteresse55@about.me
187,Andeee,u50gU3YlkJZ2,alaffoleylane56@boston.com
188,Fabio,HH1DOoY,fgerbi57@ycombinator.com
189,Chiarra,XdWLVSylphtX,ckingsman58@google.com.hk
190,Olag,GVBZsl,omcgroarty59@purevolume.com
191,Matilda,tvhkpqtP,mdobbings5a@latimes.com
192,Hastie,gYAvJb,hsimmill5b@examiner.com
193,Tobi,XCDu3Uaev,tsturte5c@elpais.com
194,Ronnica,3dt2DgcP,rpalser5d@ezinearticles.com
195,Bryna,XJGkoqDC,bgever5e@opensource.org
196,Foster,q2Phd8LtrKk,fsherwyn5f@surveymonkey.com
197,Fransisco,hSe2cB843zEK,fwestpfel5g@cbc.ca
198,Ashlan,4CHnkh4gc,asimoncini5h@google.co.jp
199,Othilia,A3CrZXDy,owickling5i@1688.com
200,Charley,mPsgOA7FAUT,cbalog5j@goo.ne.jp
201,Kippar,FNNboCv,kbea5k@prlog.org
202,Cale,Y1P1OVb6u,ccapron5l@redcross.org
203,Mayer,X8APj0dm,mcode5m@networkadvertising.org
204,Jinny,dtLF2mrz,jriddett5n@cargocollective.com
205,Aldis,s3Ve3vDznC0,achampness5o@privacy.gov.au
206,Stanton,RnKWoWKDq,ssuthren5p@yellowbook.com
207,Ruperto,MvoreFP4nH,rmullane5q@uol.com.br
208,Aymer,ZNwDGDFdt,afarreil5r@fotki.com
209,Britteny,D8EQVMm,bescolme5s@bandcamp.com
210,Nefen,he1Huuv4XdL9,nkellitt5t@gmpg.org
211,Leodora,SAuh23RDq,lcicconetti5u@tumblr.com
212,Devina,dW5AMTFYHh4,dmccuffie5v@cbc.ca
213,Dona,dbEO5HMZb2,drihanek5w@foxnews.com
214,Peggie,DwH3OfMzy,pbellamy5x@usgs.gov
215,Jerrie,8MxYRQJghlc,jrenney5y@harvard.edu
216,Renaldo,LZKAt8nLd,rharbinson5z@reddit.com
217,Louella,A4K2n1fBNVni,lvasser60@sfgate.com
218,Darline,m2XLjx00f903,daskem61@ucoz.com
219,Suzanna,TJDhpwYb2Gw,sanglim62@g.co
220,Brietta,Z0f8Hvj0,borts63@goodreads.com
221,Ignatius,XwWB2KQHyGI2,isazio64@booking.com
222,Meghann,jusna0Z,meborall65@hibu.com
223,Buiron,8YrYtO,bfellibrand66@dell.com
224,Vickie,ECy8eXdhwkq,vhuitson67@slate.com
225,Merralee,wN8GqQ,mstorror68@ocn.ne.jp
226,Rowan,d7Q0yx,rdomnick69@yahoo.com
227,Lek,ZMvznEzn,ltomanek6a@soundcloud.com
228,Jacinda,hgqnpkx1W7nV,jhucke6b@youtube.com
229,Muffin,esEBrrYpn9Ex,mlarrosa6c@marriott.com
230,Inez,O5u5oXk,igreenhead6d@elpais.com
231,Andra,ikC0W7paw,ariall6e@wikia.com
232,Guenna,ANZ60oG9g,gtomaszewicz6f@wikimedia.org
233,Leshia,1841g2G9Vw,llidgett6g@unblog.fr
234,Christian,CgGARA3Zm,cbiford6h@rakuten.co.jp
235,Glory,cs6q4IaGRPT,gpochin6i@nyu.edu
236,Julius,2V03jUSx4Z,jstopher6j@theglobeandmail.com
237,Keefer,8ICl2KmAm,krubes6k@blog.com
238,Dena,sOSIrm,deilhersen6l@foxnews.com
239,Vivianne,jXPyDAnY5,vtribell6m@ustream.tv
240,Colet,1Qxsv2,cmcilriach6n@nsw.gov.au
241,Towny,yAL0mz,tpiscopiello6o@github.io
242,Corny,6ChinOskF2O,cmoan6p@4shared.com
243,Danila,8u3D30CFvdWF,ddawley6q@biblegateway.com
244,Rudiger,HhLsZPDY,rizachik6r@t.co
245,Spencer,NjnmenH7WM,sarstall6s@nydailynews.com
246,Faina,GaVdNm2hU,fhastilow6t@flavors.me
247,Francine,sGd5hH9dY,fairdrie6u@thetimes.co.uk
248,Ann-marie,KFKBXY5iST,ahache6v@csmonitor.com
249,Clovis,hhKE9tKxeN,czute6w@barnesandnoble.com
250,Rafferty,Dn1N2wiegia0,rgresham6x@slideshare.net
251,Katalin,xD3051,khuckin6y@psu.edu
252,Eugenia,pVzSTX3,estickles6z@twitter.com
253,Graig,GaAEBEjcoqAz,ganster70@php.net
254,Kara-lynn,7oH9II9pMo,kcolloby71@ehow.com
255,Claus,87iKdjvCWF,carnoldi72@census.gov
256,Katrine,X84u6OW9b,khenmarsh73@illinois.edu
257,Alexi,9l3WXbD3ttay,atax74@alibaba.com
258,Mimi,xuSG7Z,mperrot75@fc2.com
259,Zulema,yHKJGZlGq,zwieprecht76@reddit.com
260,Katinka,1zTGTCzx,kvonnassau77@diigo.com
261,Missy,Ip4X4V89,mstranahan78@spiegel.de
262,Orin,CK18xHeM,oakitt79@theglobeandmail.com
263,Ronalda,ilB2Xvdb17,rmuffen7a@pen.io
264,Bondon,h2med1t22,bflowitt7b@1688.com
265,Alena,EJKmNWw5CJV,ahuikerby7c@google.pl
266,Cesare,zc4VAER2Av,crickett7d@etsy.com
267,Kimbell,NaopfL4SFXw,ksumers7e@archive.org
268,Clark,0V9Y2a,ctown7f@howstuffworks.com
269,Wilow,u7wUUG,wkemme7g@un.org
270,Lira,srXEnAIAh,llenahan7h@google.com.hk
271,Aundrea,WNhYy1h4HK,astuckey7i@google.it
272,Fancy,dK9YLPUuPSf,fwilshire7j@ustream.tv
273,Belita,Ufyhm5lwa5q,bshorie7k@squidoo.com
274,Audi,usJoURkgYue,acragg7l@webeden.co.uk
275,Tad,GJrP7xW,tsaltsberg7m@earthlink.net
276,Carrol,1JCSCoGU,cvarian7n@omniture.com
277,Ransom,2uP6CpAWQiQB,rleeman7o@github.io
278,Burg,sIKFS4jd,bfinlason7p@purevolume.com
279,Clarabelle,r9VKif8g,ctocher7q@wordpress.org
280,Ileana,gaSmuSKkb,iheight7r@joomla.org
281,Freedman,zMuY7N3T8,fhamsher7s@archive.org
282,Fair,pcllQh,fvandervelden7t@ovh.net
283,Loise,vfW8rQ8,lmathes7u@nyu.edu
284,Farris,PHVCBpqAwP,fwickenden7v@exblog.jp
285,Wilbur,PLoJIEPKHx0,wbartoszek7w@blogs.com
286,Cooper,sXuw4Ml6S,cbeverstock7x@list-manage.com
287,Antonetta,kxb1LvLmak,acoventry7y@wix.com
288,Maurizia,msdQ4QdDZ,mgoodale7z@angelfire.com
289,Kendall,NprgOs25,kbarracks80@g.co
290,Tito,TZ99cmHk,thammand81@google.it
291,Franz,3DKjiUNG2zi,fheineken82@psu.edu
292,Gelya,XJwNXPVh8KR,gfazakerley83@amazon.co.jp
293,Peggie,DyPLU7,pboosey84@wiley.com
294,Abbot,TKJ1u9LCIoI4,ageleman85@tinypic.com
295,Correy,PrCScPjiV7uT,cconiam86@bigcartel.com
296,Holt,IhcPbCBfp43x,hbrunelli87@foxnews.com
297,Maxwell,8tWQtC5lt8j,mjuhruke88@yahoo.com
298,Joya,yz0dFheGtR4,jkilloran89@ning.com
299,Silvano,y1lQL52,smerriday8a@deliciousdays.com
300,Joceline,PYB2ye,jnise8b@xing.com
